Nome,Telefone
Ana Silva,51999990001
Bruno Santos,51999990002
Carlos Oliveira,51999990003
Daniela Costa,51999990004
Eduardo Lima,51999990005
Fernanda Souza,51999990006
Gabriel Pereira,51999990007
Helena Carvalho,51999990008
Igor Ferreira,51999990009
Juliana Ribeiro,51999990010
Kleber Alves,51999990011
Larissa Martins,51999990012
Marcelo Rocha,51999990013
Natalia Gomes,51999990014
Otavio Nunes,51999990015
Patricia Mendes,51999990016
Quintino Borges,51999990017
Renata Castro,51999990018
Samuel Dias,51999990019
Tatiana Freitas,51999990020
Ulisses Machado,51999990021
Vanessa Moura,51999990022
Wagner Moraes,51999990023
Xavier Pinto,51999990024
Yara Correia,51999990025
Zeca Nogueira,51999990026
Alice Viana,51999990027
Beto Monteiro,51999990028
Camila Barros,51999990029
Diego Faria,51999990030
